timestamp,round_idx,call_type,input_tokens,output_tokens,total_tokens
2026-01-14 07:42:08,0,seed_0,2185,1356,3541
2026-01-14 07:42:26,100,seed_1,2185,1356,3541
2026-01-14 07:47:14,1000,algorithm_analysis_seed0,2470,92,2562
2026-01-14 07:47:25,1001,algorithm_analysis_seed1,2470,99,2569
2026-01-14 07:47:49,100,stage1_grid_and_parallel,2195,1511,3706
2026-01-14 07:48:07,10100,stage1_repair,2893,1551,4444
2026-01-14 07:48:34,200,stage2_block_tiling,2483,1540,4023
2026-01-14 07:49:05,300,stage3_memory_and_tuning,2586,1554,4140
,,,19467,9059,28526
