timestamp,round_idx,call_type,input_tokens,output_tokens,total_tokens
2025-12-13 10:55:46,0,seed,1205,4213,5418
2025-12-13 10:57:38,100,seed_repair,3010,3466,6476
2025-12-13 10:58:48,200,seed_repair,3111,2039,5150
2025-12-13 11:01:12,300,seed_repair,1947,4556,6503
2025-12-13 11:03:29,400,seed_repair,2988,4303,7291
2025-12-13 11:46:46,100,stage1_grid_and_parallel,2160,2924,5084
2025-12-13 11:48:34,200,stage1_repair,2538,3309,5847
2025-12-13 13:45:20,400,stage3_memory_access,2050,4991,7041
2025-12-13 13:49:18,500,stage3_repair,1924,7359,9283
2025-12-13 14:32:57,600,stage4_advanced_memory,2027,7495,9522
2025-12-13 14:35:37,700,stage4_repair,3422,5001,8423
,,,26382,49656,76038
